adr_path,title,status,related_closed_plan_count,related_closed_plans,related_closed_initiatives,textually_referenced_closed_plans,textually_referenced_closed_initiatives,canonical_decision_ids,coverage_notes
docs/decisions/0001-two-stage-architecture.md,Two-Stage Compiler Architecture,Accepted,7,l0/work/plans/features/closed/2026-02-14-stage2-parser-specification-noref.md | l0/work/plans/features/closed/2026-03-09-stage2-backend-c-emitter-milestone.md | l0/work/plans/features/closed/2026-03-11-triple-bootstrap-self-hosting-noref.md | l0/work/plans/refactors/closed/2026-03-24-monorepo-language-level-layout-noref.md | l0/work/plans/tools/closed/2026-03-09-stage2-bootstrap-compiler-artifact-noref.md | l1/work/plans/features/closed/2026-06-08-case-else-removal-l1-phase2-noref.md | work/plans/features/closed/2026-04-03-shared-diagnostic-code-catalog-noref.md,,l0/work/plans/features/closed/2026-02-14-stage2-parser-specification-noref.md | l0/work/plans/features/closed/2026-02-28-stage2-semantic-foundation-milestone-noref.md | l0/work/plans/features/closed/2026-03-09-stage2-backend-c-emitter-milestone.md | l0/work/plans/features/closed/2026-03-11-triple-bootstrap-self-hosting-noref.md,,DEA-CANON-0003 | DEA-CANON-0080 | DEA-CANON-0082 | DEA-CANON-0102 | DEA-CANON-0111 | DEA-CANON-0159 | DEA-CANON-0439,Four closed L0 bootstrap plans substantiate the retained Stage 1 oracle and Stage 2 self-hosting contract.
docs/decisions/0002-arc-ownership-model.md,ARC Ownership Model,Accepted,9,l0/work/plans/bug-fixes/closed/2026-02-15-arc-bug-fixes-noref.md | l0/work/plans/bug-fixes/closed/2026-02-25-arc-opt-as-string-unwrap-ownership-noref.md | l0/work/plans/bug-fixes/closed/2026-02-28-stage1-backend-loop-continue-arc-release-uninitialized-noref.md | l1/work/plans/features/closed/2026-05-10-fixed-size-array-primitive-noref.md | work/plans/bug-fixes/closed/2026-04-20-shared-casted-place-null-propagation-arc-noref.md | work/plans/bug-fixes/closed/2026-04-20-shared-top-level-arc-cleanup-and-drop-diagnostic-parity-noref.md | work/plans/bug-fixes/closed/2026-04-22-shared-unwrapped-string-value-arc-copy-noref.md | work/plans/bug-fixes/closed/2026-04-30-shared-arc-owned-local-reassignment-semantics-noref.md | work/plans/bug-fixes/closed/2026-06-22-shared-for-header-and-statement-flow-safety-noref.md,,,,DEA-CANON-0001 | DEA-CANON-0002 | DEA-CANON-0031 | DEA-CANON-0055 | DEA-CANON-0056 | DEA-CANON-0057 | DEA-CANON-0058 | DEA-CANON-0297 | DEA-CANON-0298 | DEA-CANON-0320 | DEA-CANON-0349 | DEA-CANON-0350 | DEA-CANON-0396 | DEA-CANON-0498,"The ADR itself cites no closed-plan contributor; audit-derived canonical provenance supplies the related plans, and the L0 ownership ADR carries the detailed current contract."
docs/decisions/0003-shared-cli-contract.md,Shared CLI Contract,Accepted,11,l0/work/plans/bug-fixes/closed/2026-03-10-stage2-source-paths-l0-home-fallback-noref.md | l0/work/plans/features/closed/2026-02-24-stage2-driver-l0c-port-syntax-plumbing-noref.md | l0/work/plans/features/closed/2026-02-28-stage2-semantic-foundation-milestone-noref.md | l0/work/plans/features/closed/2026-03-08-l0-cflags-c-compiler-options-noref.md | l0/work/plans/features/closed/2026-03-12-cli-version-flag-and-identity-text-noref.md | l0/work/plans/features/closed/2026-03-12-shared-cli-contract-spec.md | l0/work/plans/features/closed/2026-03-12-stage2-build-info-version-output-noref.md | l0/work/plans/refactors/closed/2026-02-19-l0c-cli-global-mode-flags.md | l0/work/plans/refactors/closed/2026-02-24-stage-independent-shared-assets-layout-noref.md | l0/work/plans/tools/closed/2026-03-13-windows-dev-install-and-prefix-workflow.md | l1/work/plans/features/closed/2026-04-24-separate-compilation-driver-surface-noref.md,,l0/work/plans/features/closed/2026-03-12-shared-cli-contract-spec.md | l0/work/plans/features/closed/2026-03-12-cli-version-flag-and-identity-text-noref.md,,DEA-CANON-0012 | DEA-CANON-0013 | DEA-CANON-0014 | DEA-CANON-0015 | DEA-CANON-0016 | DEA-CANON-0017 | DEA-CANON-0018 | DEA-CANON-0019 | DEA-CANON-0020 | DEA-CANON-0022 | DEA-CANON-0062 | DEA-CANON-0076 | DEA-CANON-0077 | DEA-CANON-0078 | DEA-CANON-0079 | DEA-CANON-0097 | DEA-CANON-0117 | DEA-CANON-0118 | DEA-CANON-0119 | DEA-CANON-0120 | DEA-CANON-0124 | DEA-CANON-0136 | DEA-CANON-0463 | DEA-CANON-0464 | DEA-CANON-0465 | DEA-CANON-0466,Two closed L0 plans establish the shared command-line behavior and version/identity surface.
docs/decisions/0004-monorepo-directory-structure.md,Monorepo Directory Structure,Accepted,6,l0/work/plans/refactors/closed/2026-02-24-stage-independent-shared-assets-layout-noref.md | l0/work/plans/refactors/closed/2026-03-24-monorepo-language-level-layout-noref.md | l0/work/plans/tools/closed/2026-03-02-doxygen-mcss-docs-system.md | l0/work/plans/tools/closed/2026-03-23-shell-to-python-tooling-port-noref.md | work/plans/features/closed/2026-06-30-shared-editor-support-noref.md | work/plans/tools/closed/2026-05-06-shared-uv-workspace-monorepo-noref.md,,l0/work/plans/refactors/closed/2026-03-24-monorepo-language-level-layout-noref.md | work/plans/tools/closed/2026-05-06-shared-uv-workspace-monorepo-noref.md | work/plans/features/closed/2026-06-30-shared-editor-support-noref.md,,DEA-CANON-0021 | DEA-CANON-0068 | DEA-CANON-0155 | DEA-CANON-0157 | DEA-CANON-0158 | DEA-CANON-0160 | DEA-CANON-0161 | DEA-CANON-0162 | DEA-CANON-0163 | DEA-CANON-0164 | DEA-CANON-0357 | DEA-CANON-0358 | DEA-CANON-0511,"Three closed plans cover the language-level layout, shared Python workspace, and later shared editor integration."
docs/decisions/0005-diagnostic-code-catalog.md,Shared Diagnostic Code Catalog,Accepted,7,l0/work/plans/bug-fixes/closed/2026-05-08-stage2-pointer-indexing-parity-noref.md | l0/work/plans/bug-fixes/closed/2026-06-05-duplicate-open-import-diagnostic-parity-noref.md | l0/work/plans/features/closed/2026-03-09-stage2-backend-c-emitter-milestone.md | l1/work/plans/features/closed/2026-06-24-stage1-scalar-const-expression-flow-noref.md | work/plans/bug-fixes/closed/2026-06-07-stray-keyword-diagnostics-and-stmt-recovery-noref.md | work/plans/features/closed/2026-04-03-diagnostic-code-catalog-meanings-noref.md | work/plans/features/closed/2026-04-03-shared-diagnostic-code-catalog-noref.md,,work/plans/features/closed/2026-04-03-shared-diagnostic-code-catalog-noref.md | work/plans/features/closed/2026-04-03-diagnostic-code-catalog-meanings-noref.md,,DEA-CANON-0082 | DEA-CANON-0179 | DEA-CANON-0180 | DEA-CANON-0181 | DEA-CANON-0362 | DEA-CANON-0427 | DEA-CANON-0429 | DEA-CANON-0505,Two closed shared plans establish the catalog and its stable diagnostic meanings.
docs/decisions/0006-docs-work-taxonomy.md,Docs/Work Taxonomy,Accepted,2,l0/work/plans/tools/closed/2026-03-02-doxygen-mcss-docs-system.md | work/plans/refactors/closed/2026-04-04-docs-work-taxonomy-reorg-noref.md,,work/plans/refactors/closed/2026-04-04-docs-work-taxonomy-reorg-noref.md,,DEA-CANON-0067 | DEA-CANON-0213 | DEA-CANON-0214 | DEA-CANON-0215,One closed repository refactor plan directly establishes the durable documentation and work taxonomy.
docs/decisions/0007-case-default-arm-wildcard.md,Case Default Arm `_ =>` Wildcard Migration,Accepted,3,l0/work/plans/tools/closed/2026-07-13-release-1-1-0-preparation-noref.md | l1/work/plans/features/closed/2026-06-08-case-else-removal-l1-phase2-noref.md | work/plans/features/closed/2026-06-07-case-default-arm-wildcard-phase1-noref.md,,work/plans/features/closed/2026-06-07-case-default-arm-wildcard-phase1-noref.md,,DEA-CANON-0430 | DEA-CANON-0431 | DEA-CANON-0432 | DEA-CANON-0438 | DEA-CANON-0439 | DEA-CANON-0555,One explicitly linked closed plan establishes the cross-level `_ =>` migration; the ADR also narrates the later L1 removal without linking another plan.
docs/decisions/0008-source-text-encoding-and-ascii-language-vocabulary.md,Source Text Encoding and ASCII Language Vocabulary,Accepted,1,l0/work/plans/bug-fixes/closed/2026-06-09-stage1-non-ascii-identifier-rejection-noref.md,,l0/work/plans/bug-fixes/closed/2026-06-09-stage1-non-ascii-identifier-rejection-noref.md,,DEA-CANON-0442 | DEA-CANON-0443 | DEA-CANON-0444,One closed Stage 1 bug-fix plan supplies the direct decision history for the shared source-text contract.
docs/decisions/0009-logical-lexer-error-recovery-tokens-and-codepoint-columns.md,Logical Lexer-Error Recovery Tokens and Code-Point Columns,Accepted,4,l0/work/plans/refactors/closed/2026-02-24-stage2-lexer-parser-diag-unification.md | l1/work/plans/bug-fixes/closed/2026-04-17-l1-diagnostic-tab-caret-alignment-noref.md | work/plans/bug-fixes/closed/2026-06-09-shared-lex-0040-recovery-noref.md | work/plans/refactors/closed/2026-06-10-shared-lexer-error-recovery-tokens-and-codepoint-columns-noref.md,,work/plans/bug-fixes/closed/2026-06-09-shared-lex-0040-recovery-noref.md | work/plans/refactors/closed/2026-06-10-shared-lexer-error-recovery-tokens-and-codepoint-columns-noref.md,,DEA-CANON-0024 | DEA-CANON-0026 | DEA-CANON-0259 | DEA-CANON-0445 | DEA-CANON-0447 | DEA-CANON-0448 | DEA-CANON-0449 | DEA-CANON-0450 | DEA-CANON-0451 | DEA-CANON-0452,Two closed shared plans document the short-lived parser barrier and its replacement by parser-visible recovery tokens.
docs/decisions/0010-checked-runtime-pointer-access-validation.md,Checked Runtime Pointer Access Validation,Accepted,10,l1/work/plans/features/closed/2026-05-09-raw-pointer-indexing-semantics-noref.md | l1/work/plans/features/closed/2026-06-30-runtime-pointer-access-validation-noref.md | work/plans/bug-fixes/closed/2026-07-03-shared-alloc-tracker-churn-rehash-noref.md | work/plans/bug-fixes/closed/2026-07-11-shared-checked-runtime-review-gaps-noref.md | work/plans/features/closed/2026-06-30-shared-runtime-pointer-access-validation-noref.md | work/plans/features/closed/2026-07-03-shared-lazy-arc-string-registration-noref.md | work/plans/features/closed/2026-07-04-shared-unchecked-build-surface-noref.md | work/plans/features/closed/2026-07-05-shared-compiler-runtime-quarantine-default-noref.md | work/plans/features/closed/2026-07-08-shared-runtime-check-basic-mode-noref.md | work/plans/features/closed/2026-07-16-shared-compiler-runtime-check-basic-default-noref.md,,work/plans/features/closed/2026-06-30-shared-runtime-pointer-access-validation-noref.md | l0/work/plans/features/closed/2026-06-30-runtime-pointer-access-validation-noref.md | l1/work/plans/features/closed/2026-06-30-runtime-pointer-access-validation-noref.md | work/plans/bug-fixes/closed/2026-07-03-shared-alloc-tracker-churn-rehash-noref.md | work/plans/features/closed/2026-07-03-shared-lazy-arc-string-registration-noref.md | work/plans/features/closed/2026-07-04-shared-runtime-alloc-benchmark-noref.md | work/plans/features/closed/2026-07-08-shared-runtime-check-basic-mode-noref.md | work/plans/bug-fixes/closed/2026-07-11-shared-checked-runtime-review-gaps-noref.md | work/plans/bug-fixes/closed/2026-07-13-shared-checked-runtime-contraction-alignof-noref.md | work/plans/features/closed/2026-07-16-shared-compiler-runtime-check-basic-default-noref.md,,DEA-CANON-0378 | DEA-CANON-0510 | DEA-CANON-0516 | DEA-CANON-0517 | DEA-CANON-0518 | DEA-CANON-0519 | DEA-CANON-0520 | DEA-CANON-0521 | DEA-CANON-0522 | DEA-CANON-0523 | DEA-CANON-0524 | DEA-CANON-0525 | DEA-CANON-0526 | DEA-CANON-0527 | DEA-CANON-0528 | DEA-CANON-0530 | DEA-CANON-0531 | DEA-CANON-0532 | DEA-CANON-0533 | DEA-CANON-0534 | DEA-CANON-0535 | DEA-CANON-0536 | DEA-CANON-0537 | DEA-CANON-0538 | DEA-CANON-0539 | DEA-CANON-0541 | DEA-CANON-0542 | DEA-CANON-0543 | DEA-CANON-0544 | DEA-CANON-0546 | DEA-CANON-0547 | DEA-CANON-0548 | DEA-CANON-0549 | DEA-CANON-0550 | DEA-CANON-0566 | DEA-CANON-0567,Ten closed shared/L0/L1 plans support the checked-runtime contract and its refinements; the active static-elision proposal is not counted.
l0/docs/decisions/0001-foundational-language-contract.md,Foundational L0 Language Contract,Accepted,0,,,,,,Foundational pre-plan language contract with no cited closed-plan contributor.
l0/docs/decisions/0002-pointer-model-no-address-of.md,Pointer Model and No Address-of,Accepted,1,l0/work/plans/bug-fixes/closed/2026-05-08-stage2-pointer-indexing-parity-noref.md,,l0/work/plans/bug-fixes/closed/2026-05-08-stage2-pointer-indexing-parity-noref.md,,DEA-CANON-0360 | DEA-CANON-0361,One closed Stage 2 parity plan reinforces the pre-existing pointer surface and rejection of raw-pointer indexing.
l0/docs/decisions/0003-integer-model.md,Integer Model,Accepted,3,l0/work/plans/bug-fixes/closed/2026-02-27-stage1-backend-mixed-int-byte-binary-ice-1014-noref.md | l0/work/plans/features/closed/2026-02-27-stdlib-string-conversions-noref.md | l0/work/plans/features/closed/2026-02-27-stdlib-time-interface-noref.md,,work/plans/features/closed/2026-04-14-shared-std-math-int-surface-noref.md | work/plans/refactors/closed/2026-05-13-shared-std-math-to-std-integer-rename-noref.md,,DEA-CANON-0033 | DEA-CANON-0037 | DEA-CANON-0038 | DEA-CANON-0050,Two later closed shared plans extend the foundational integer model through the integer stdlib surface and module rename.
l0/docs/decisions/0004-enum-tagged-union-model.md,Enum and Tagged-Union Model,Accepted,0,,,,,,Foundational pre-plan enum/tagged-union contract with no cited closed-plan contributor.
l0/docs/decisions/0005-extern-func-ffi-boundary.md,`extern func` and the FFI Boundary,Accepted,3,l0/work/plans/features/closed/2026-02-27-stdlib-time-interface-noref.md | work/plans/refactors/closed/2026-05-08-sys-memory-rename-noref.md | work/plans/refactors/closed/2026-05-09-relax-null-tolerant-runtime-ffi-pointers-noref.md,,,,DEA-CANON-0047 | DEA-CANON-0051 | DEA-CANON-0372 | DEA-CANON-0380,Foundational pre-plan FFI boundary with no cited closed-plan contributor.
l0/docs/decisions/0006-module-system-and-imports.md,Module System and Import Semantics,Accepted,2,l0/work/plans/bug-fixes/closed/2026-06-05-duplicate-open-import-diagnostic-parity-noref.md | l0/work/plans/features/closed/2026-02-28-stage2-semantic-foundation-milestone-noref.md,,,,DEA-CANON-0060 | DEA-CANON-0428,Foundational pre-plan module/import contract with no cited closed-plan contributor.
l0/docs/decisions/0007-nullability-and-casts.md,Nullability and Casts,Accepted,3,l0/work/plans/bug-fixes/closed/2026-02-25-arc-opt-as-string-unwrap-ownership-noref.md | l0/work/plans/features/closed/2026-03-06-explicit-cast-constant-safety-diagnostics-noref.md | work/plans/refactors/closed/2026-05-09-relax-null-tolerant-runtime-ffi-pointers-noref.md,,l0/work/plans/bug-fixes/closed/2026-02-25-arc-opt-as-string-unwrap-ownership-noref.md | l0/work/plans/features/closed/2026-03-06-explicit-cast-constant-safety-diagnostics-noref.md,,DEA-CANON-0031 | DEA-CANON-0074 | DEA-CANON-0075 | DEA-CANON-0380,Two closed plans clarify ownership during nullable unwrap and explicit-cast safety diagnostics.
l0/docs/decisions/0008-arc-ownership-model.md,ARC Ownership Model,Accepted,11,l0/work/plans/bug-fixes/closed/2026-02-15-arc-bug-fixes-noref.md | l0/work/plans/bug-fixes/closed/2026-02-25-arc-opt-as-string-unwrap-ownership-noref.md | l0/work/plans/bug-fixes/closed/2026-02-28-stage1-backend-loop-continue-arc-release-uninitialized-noref.md | l0/work/plans/bug-fixes/closed/2026-03-11-general-logical-short-circuit-arc-temp-lowering-noref.md | l0/work/plans/bug-fixes/closed/2026-03-11-stage1-backend-condition-arc-temp-control-flow-noref.md | l0/work/plans/features/closed/2026-03-09-stdlib-runtime-fs-path-raw-io-bootstrap-noref.md | l0/work/plans/refactors/closed/2026-02-27-remove-drop-workarounds-noref.md | work/plans/bug-fixes/closed/2026-04-20-shared-casted-place-null-propagation-arc-noref.md | work/plans/bug-fixes/closed/2026-04-21-shared-arc-borrowed-param-reassignment-noref.md | work/plans/bug-fixes/closed/2026-04-22-shared-unwrapped-string-value-arc-copy-noref.md | work/plans/bug-fixes/closed/2026-04-30-shared-arc-owned-local-reassignment-semantics-noref.md,,l0/work/plans/bug-fixes/closed/2026-02-15-arc-bug-fixes-noref.md | l0/work/plans/bug-fixes/closed/2026-02-17-arc-return-expression-temp-cleanup-noref.md | l0/work/plans/bug-fixes/closed/2026-02-17-missing-cleanup-when-try-fails-in-with-noref.md | l0/work/plans/bug-fixes/closed/2026-02-25-arc-opt-as-string-unwrap-ownership-noref.md | l0/work/plans/bug-fixes/closed/2026-03-11-general-logical-short-circuit-arc-temp-lowering-noref.md | l0/work/plans/bug-fixes/closed/2026-03-11-stage1-backend-condition-arc-temp-control-flow-noref.md | work/plans/bug-fixes/closed/2026-04-21-shared-arc-borrowed-param-reassignment-noref.md | work/plans/bug-fixes/closed/2026-04-30-shared-arc-owned-local-reassignment-semantics-noref.md,,DEA-CANON-0001 | DEA-CANON-0002 | DEA-CANON-0031 | DEA-CANON-0054 | DEA-CANON-0055 | DEA-CANON-0056 | DEA-CANON-0057 | DEA-CANON-0058 | DEA-CANON-0090 | DEA-CANON-0109 | DEA-CANON-0110 | DEA-CANON-0297 | DEA-CANON-0300 | DEA-CANON-0301 | DEA-CANON-0320 | DEA-CANON-0349 | DEA-CANON-0350,"Eight closed bug-fix plans collectively refine ARC cleanup, short-circuit lowering, and slot-replacement semantics."
l0/docs/decisions/0009-string-value-semantics.md,ARC String Value Contract,Accepted,0,,,,,,Foundational pre-plan ARC string value contract with no cited closed-plan contributor.
l0/docs/decisions/0010-with-statement-cleanup.md,`with` Statement and Deterministic Cleanup,Accepted,4,l0/work/plans/bug-fixes/closed/2026-02-17-missing-cleanup-when-try-fails-in-with-noref.md | l0/work/plans/bug-fixes/closed/2026-02-27-with-cleanup-drop-false-positive-noref.md | l0/work/plans/refactors/closed/2026-02-27-remove-drop-workarounds-noref.md | work/plans/bug-fixes/closed/2026-06-22-shared-for-header-and-statement-flow-safety-noref.md,,work/plans/bug-fixes/closed/2026-06-22-shared-for-header-and-statement-flow-safety-noref.md,,DEA-CANON-0008 | DEA-CANON-0009 | DEA-CANON-0034 | DEA-CANON-0054 | DEA-CANON-0500,The construct predates plans; one later closed shared flow-safety plan defines abrupt-cleanup exit precedence.
l0/docs/decisions/0011-c-emission-strategy.md,C Emission Strategy,Accepted,5,l0/work/plans/bug-fixes/closed/2026-03-13-linux-c99-compatibility-noref.md | l0/work/plans/bug-fixes/closed/2026-03-31-msys2-mingw64-dev-environment-test-failures-noref.md | l0/work/plans/features/closed/2026-03-09-stage2-backend-c-emitter-milestone.md | l0/work/plans/refactors/closed/2026-02-28-trace-source-location.md | l0/work/plans/refactors/closed/2026-03-22-backend-emitter-boundary-cleanup-noref.md,,l0/work/plans/refactors/closed/2026-03-22-backend-emitter-boundary-cleanup-noref.md | work/plans/bug-fixes/closed/2026-04-29-shared-cleaner-c-condition-expressions-noref.md | work/plans/bug-fixes/closed/2026-04-29-shared-nonscalar-same-type-cast-c99-pedantic-noref.md | l0/work/plans/bug-fixes/closed/2026-03-13-linux-c99-compatibility-noref.md,,DEA-CANON-0064 | DEA-CANON-0081 | DEA-CANON-0127 | DEA-CANON-0151 | DEA-CANON-0166,Four closed refactor/bug-fix plans support the backend-emitter boundary and pedantic-clean C99 policy.
l0/docs/decisions/0012-name-disambiguation.md,Name Disambiguation via Qualified References,Accepted,0,,,,,,Pre-plan module-resolution decision with no cited closed-plan contributor.
l0/docs/decisions/0013-comparison-operator-scope.md,Comparison Operator Scope,Accepted,1,l0/work/plans/bug-fixes/closed/2026-02-27-stage1-backend-mixed-int-byte-binary-ice-1014-noref.md,,,,DEA-CANON-0033,Type-checker decision documented after implementation with no standalone closed-plan contributor.
l0/docs/decisions/0014-bootstrap-self-hosting-strategy.md,Bootstrap and Self-Hosting Strategy,Accepted,7,l0/work/plans/bug-fixes/closed/2026-03-13-linux-c99-compatibility-noref.md | l0/work/plans/bug-fixes/closed/2026-03-13-windows-stage2-shell-test-regressions-noref.md | l0/work/plans/bug-fixes/closed/2026-03-17-darwin-arm64-triple-bootstrap-native-mismatch-noref.md | l0/work/plans/features/closed/2026-03-09-stage2-backend-c-emitter-milestone.md | l0/work/plans/features/closed/2026-03-11-triple-bootstrap-self-hosting-noref.md | l0/work/plans/features/closed/2026-03-12-stage2-build-info-version-output-noref.md | l0/work/plans/tools/closed/2026-03-09-stage2-bootstrap-compiler-artifact-noref.md,,l0/work/plans/features/closed/2026-03-11-triple-bootstrap-self-hosting-noref.md | l0/work/plans/bug-fixes/closed/2026-03-11-stage2-triple-bootstrap-self-hosting-bug-fixes-noref.md | l0/work/plans/bug-fixes/closed/2026-03-17-darwin-arm64-triple-bootstrap-native-mismatch-noref.md,,DEA-CANON-0080 | DEA-CANON-0102 | DEA-CANON-0103 | DEA-CANON-0108 | DEA-CANON-0111 | DEA-CANON-0112 | DEA-CANON-0113 | DEA-CANON-0122 | DEA-CANON-0128 | DEA-CANON-0129 | DEA-CANON-0148,Three closed plans establish triple bootstrap and fix platform/self-hosting failures exposed by it.
l0/docs/decisions/0015-stdlib-module-boundaries.md,Stdlib Module Boundaries,Accepted,9,l0/work/plans/bug-fixes/closed/2026-02-25-stdio-stale-errno-io-wrappers-noref.md | l0/work/plans/features/closed/2026-02-27-stdlib-string-conversions-noref.md | l0/work/plans/features/closed/2026-02-27-stdlib-time-interface-noref.md | l0/work/plans/features/closed/2026-03-09-stdlib-runtime-fs-path-raw-io-bootstrap-noref.md | l0/work/plans/refactors/closed/2026-02-24-stage2-util-stdlib-lift.md | l0/work/plans/refactors/closed/2026-03-13-stdlib-fs-io-boundary-cleanup-noref.md | work/plans/features/closed/2026-04-14-shared-std-math-int-surface-noref.md | work/plans/refactors/closed/2026-05-08-sys-memory-rename-noref.md | work/plans/refactors/closed/2026-05-13-shared-std-math-to-std-integer-rename-noref.md,,l0/work/plans/refactors/closed/2026-03-13-stdlib-fs-io-boundary-cleanup-noref.md | work/plans/refactors/closed/2026-05-08-sys-memory-rename-noref.md | work/plans/refactors/closed/2026-05-13-shared-std-math-to-std-integer-rename-noref.md,,DEA-CANON-0027 | DEA-CANON-0028 | DEA-CANON-0029 | DEA-CANON-0030 | DEA-CANON-0032 | DEA-CANON-0036 | DEA-CANON-0046 | DEA-CANON-0083 | DEA-CANON-0084 | DEA-CANON-0085 | DEA-CANON-0086 | DEA-CANON-0087 | DEA-CANON-0088 | DEA-CANON-0089 | DEA-CANON-0130 | DEA-CANON-0131 | DEA-CANON-0249 | DEA-CANON-0250 | DEA-CANON-0258 | DEA-CANON-0371 | DEA-CANON-0373 | DEA-CANON-0410 | DEA-CANON-0411,Three closed plans support filesystem/I/O separation and the `sys.memory` and `std.integer` boundaries.
l0/docs/decisions/0016-string-value-operators.md,String Value Operators,Accepted,5,l1/work/plans/features/closed/2026-04-18-string-equality-operators-noref.md | l1/work/plans/features/closed/2026-04-18-string-relational-operators-noref.md | l1/work/plans/features/closed/2026-04-22-string-concatenation-operator-noref.md | work/plans/refactors/closed/2026-04-20-prefer-native-string-operators-noref.md | work/plans/refactors/closed/2026-04-30-prefer-native-string-concat-operator-noref.md,,l0/work/plans/features/closed/2026-04-20-string-equality-and-relational-operators-noref.md | l0/work/plans/features/closed/2026-04-30-string-concatenation-operator-noref.md | work/plans/refactors/closed/2026-04-20-prefer-native-string-operators-noref.md | work/plans/refactors/closed/2026-04-30-prefer-native-string-concat-operator-noref.md,,DEA-CANON-0288 | DEA-CANON-0289 | DEA-CANON-0290 | DEA-CANON-0291 | DEA-CANON-0299 | DEA-CANON-0307 | DEA-CANON-0308 | DEA-CANON-0309 | DEA-CANON-0310 | DEA-CANON-0351 | DEA-CANON-0352,Four closed feature/refactor plans establish native string comparisons/concatenation and migrate helper call sites.
l1/docs/decisions/0001-bootstrap-adaptation-strategy.md,Bootstrap Adaptation Strategy,Accepted,1,work/plans/refactors/closed/2026-04-02-l1-bootstrap-scaffold-noref.md,,work/plans/refactors/closed/2026-04-02-l1-bootstrap-scaffold-noref.md,,DEA-CANON-0169 | DEA-CANON-0170,One closed shared scaffold plan directly establishes the L0-derived L1 bootstrap strategy.
l1/docs/decisions/0002-dea-virtual-prelude-module.md,The `dea` Virtual Prelude Module,Accepted,3,l1/work/plans/features/closed/2026-04-03-dea-virtual-module-noref.md | l1/work/plans/features/closed/2026-04-20-is-intrinsic-noref.md | l1/work/plans/features/closed/2026-05-19-stage1-slices-len-slice-intrinsics-noref.md,,l1/work/plans/features/closed/2026-04-03-dea-virtual-module-noref.md,,DEA-CANON-0175 | DEA-CANON-0176 | DEA-CANON-0177 | DEA-CANON-0178 | DEA-CANON-0295 | DEA-CANON-0296 | DEA-CANON-0415 | DEA-CANON-0425,One closed L1 feature plan directly establishes the compiler-synthesized `dea` prelude.
l1/docs/decisions/0003-c-abi-naming-policy.md,C ABI Naming Policy,Accepted,3,l1/work/plans/features/closed/2026-04-04-l1-dea-c-abi-prefix-migration-noref.md | l1/work/plans/refactors/closed/2026-04-24-runtime-static-library-split-noref.md | work/plans/refactors/closed/2026-05-08-sys-memory-rename-noref.md,,l1/work/plans/features/closed/2026-04-04-l1-dea-c-abi-prefix-migration-noref.md,,DEA-CANON-0182 | DEA-CANON-0183 | DEA-CANON-0184 | DEA-CANON-0185 | DEA-CANON-0186 | DEA-CANON-0342 | DEA-CANON-0372,One closed L1 migration plan establishes the future-neutral generated/runtime C namespaces.
l1/docs/decisions/0004-wide-integer-types.md,Wide Integer Types,Accepted,7,l1/work/plans/bug-fixes/closed/2026-06-08-stage1-case-builtin-literal-support-noref.md | l1/work/plans/features/closed/2026-04-04-l1-prefixed-int-literals-noref.md | l1/work/plans/features/closed/2026-04-04-l1-small-int-builtins-on-dea-abi-noref.md | l1/work/plans/features/closed/2026-04-13-l1-uint-long-ulong-bigint-builtins-noref.md | l1/work/plans/features/closed/2026-04-14-l1-std-math-wide-integer-followup-noref.md | l1/work/plans/features/closed/2026-04-18-l1-bitwise-operators-noref.md | l1/work/plans/features/closed/2026-06-18-stage1-const-scalar-casts-noref.md,,l1/work/plans/features/closed/2026-04-04-l1-small-int-builtins-on-dea-abi-noref.md | l1/work/plans/features/closed/2026-04-13-l1-uint-long-ulong-bigint-builtins-noref.md | l1/work/plans/features/closed/2026-04-14-l1-std-math-wide-integer-followup-noref.md,,DEA-CANON-0199 | DEA-CANON-0201 | DEA-CANON-0202 | DEA-CANON-0203 | DEA-CANON-0204 | DEA-CANON-0205 | DEA-CANON-0206 | DEA-CANON-0207 | DEA-CANON-0208 | DEA-CANON-0209 | DEA-CANON-0210 | DEA-CANON-0211 | DEA-CANON-0212 | DEA-CANON-0223 | DEA-CANON-0224 | DEA-CANON-0225 | DEA-CANON-0226 | DEA-CANON-0227 | DEA-CANON-0228 | DEA-CANON-0229 | DEA-CANON-0230 | DEA-CANON-0231 | DEA-CANON-0232 | DEA-CANON-0240 | DEA-CANON-0241 | DEA-CANON-0267 | DEA-CANON-0268 | DEA-CANON-0269 | DEA-CANON-0270 | DEA-CANON-0271 | DEA-CANON-0272 | DEA-CANON-0433 | DEA-CANON-0434 | DEA-CANON-0435 | DEA-CANON-0488,"Three closed L1 plans establish the wide integer set, bigint literal handling, and suffixed stdlib helpers."
l1/docs/decisions/0005-floating-point-semantics.md,Floating-Point Semantics,Accepted,6,l1/work/plans/bug-fixes/closed/2026-06-08-stage1-case-builtin-literal-support-noref.md | l1/work/plans/features/closed/2026-04-04-l1-float-double-literals-noref.md | l1/work/plans/features/closed/2026-04-10-l1-numeric-literal-lexer-groundwork-noref.md | l1/work/plans/features/closed/2026-04-13-l1-float-backend-contract-followup-noref.md | l1/work/plans/features/closed/2026-04-14-l1-std-real-module-noref.md | l1/work/plans/features/closed/2026-06-18-stage1-const-scalar-casts-noref.md,,l1/work/plans/features/closed/2026-04-04-l1-float-double-literals-noref.md | l1/work/plans/features/closed/2026-04-13-l1-float-backend-contract-followup-noref.md | l1/work/plans/features/closed/2026-04-14-l1-std-real-module-noref.md,,DEA-CANON-0187 | DEA-CANON-0188 | DEA-CANON-0189 | DEA-CANON-0190 | DEA-CANON-0191 | DEA-CANON-0192 | DEA-CANON-0193 | DEA-CANON-0194 | DEA-CANON-0195 | DEA-CANON-0196 | DEA-CANON-0197 | DEA-CANON-0216 | DEA-CANON-0217 | DEA-CANON-0218 | DEA-CANON-0219 | DEA-CANON-0220 | DEA-CANON-0221 | DEA-CANON-0222 | DEA-CANON-0242 | DEA-CANON-0244 | DEA-CANON-0433 | DEA-CANON-0434 | DEA-CANON-0436 | DEA-CANON-0489,"Three closed L1 plans establish literals, the backend floating contract, and the `std.real` surface."
l1/docs/decisions/0006-const-declarations.md,Const Declarations,Accepted,1,l1/work/plans/features/closed/2026-04-18-l1-const-declarations-noref.md,,l1/work/plans/features/closed/2026-04-18-l1-const-declarations-noref.md,,DEA-CANON-0274 | DEA-CANON-0275 | DEA-CANON-0276 | DEA-CANON-0277 | DEA-CANON-0278 | DEA-CANON-0279,One closed L1 feature plan directly establishes top-level compile-time constants.
l1/docs/decisions/0007-function-pointer-types.md,Function Pointer Types,Accepted,2,l1/work/plans/features/closed/2026-04-18-l1-function-pointer-types-noref.md | l1/work/plans/features/closed/2026-05-08-unsafe-function-marker-noref.md,,l1/work/plans/features/closed/2026-04-18-l1-function-pointer-types-noref.md,,DEA-CANON-0280 | DEA-CANON-0281 | DEA-CANON-0282 | DEA-CANON-0283 | DEA-CANON-0284 | DEA-CANON-0285 | DEA-CANON-0286 | DEA-CANON-0287 | DEA-CANON-0364 | DEA-CANON-0365 | DEA-CANON-0366 | DEA-CANON-0368,"One closed L1 feature plan directly establishes function-pointer syntax, compatibility, and ABI lowering."
l1/docs/decisions/0008-lbi-symbol-mangling.md,LBI Symbol Mangling,Accepted,7,l1/work/plans/features/closed/2026-04-18-l1-const-declarations-noref.md | l1/work/plans/features/closed/2026-04-22-variadic-functions-noref.md | l1/work/plans/features/closed/2026-04-24-lbi-symbol-mangling-and-linkage-noref.md | l1/work/plans/features/closed/2026-05-08-unsafe-function-marker-noref.md | l1/work/plans/features/closed/2026-05-10-fixed-size-array-primitive-noref.md | l1/work/plans/features/closed/2026-05-19-stage1-slices-len-slice-intrinsics-noref.md | l1/work/plans/refactors/closed/2026-05-11-unified-lbi-mangling-noref.md,,l1/work/plans/features/closed/2026-04-24-lbi-symbol-mangling-and-linkage-noref.md | l1/work/plans/refactors/closed/2026-05-11-unified-lbi-mangling-noref.md | l1/work/plans/features/closed/2026-05-19-stage1-slices-len-slice-intrinsics-noref.md,l1/work/initiatives/closed/0002-runtime-static-library.md,DEA-CANON-0278 | DEA-CANON-0319 | DEA-CANON-0332 | DEA-CANON-0333 | DEA-CANON-0334 | DEA-CANON-0335 | DEA-CANON-0336 | DEA-CANON-0337 | DEA-CANON-0338 | DEA-CANON-0368 | DEA-CANON-0393 | DEA-CANON-0397 | DEA-CANON-0403 | DEA-CANON-0404 | DEA-CANON-0405 | DEA-CANON-0406 | DEA-CANON-0407 | DEA-CANON-0408 | DEA-CANON-0409 | DEA-CANON-0424,Three closed plans plus the closed runtime-static-library initiative establish and unify recursive LBI mangling.
l1/docs/decisions/0009-module-visibility-exports-imports.md,"Module Visibility, Exports, and Imports",Accepted,3,l1/work/plans/features/closed/2026-04-24-export-manifests-and-aliased-imports-noref.md | l1/work/plans/features/closed/2026-04-24-lbi-symbol-mangling-and-linkage-noref.md | l1/work/plans/features/closed/2026-06-13-opaque-type-exports-and-layout-hiding-noref.md,,l1/work/plans/features/closed/2026-04-24-export-manifests-and-aliased-imports-noref.md,,DEA-CANON-0324 | DEA-CANON-0325 | DEA-CANON-0326 | DEA-CANON-0327 | DEA-CANON-0328 | DEA-CANON-0329 | DEA-CANON-0330 | DEA-CANON-0331 | DEA-CANON-0335 | DEA-CANON-0336 | DEA-CANON-0473,One closed plan establishes export manifests and import forms; the broader open separate-compilation initiative is excluded.
l1/docs/decisions/0010-unsafe-marker-and-raw-pointer-indexing.md,Unsafe Marker and Raw-Pointer Indexing,Accepted,4,l1/work/plans/features/closed/2026-05-08-unsafe-function-marker-noref.md | l1/work/plans/features/closed/2026-05-09-raw-pointer-indexing-semantics-noref.md | l1/work/plans/refactors/closed/2026-05-11-unified-lbi-mangling-noref.md | work/plans/features/closed/2026-07-05-shared-compiler-runtime-quarantine-default-noref.md,,l1/work/plans/features/closed/2026-05-08-unsafe-function-marker-noref.md | l1/work/plans/features/closed/2026-05-09-raw-pointer-indexing-semantics-noref.md,l1/work/initiatives/closed/0004-array-primitives-and-unsafe-marker.md,DEA-CANON-0363 | DEA-CANON-0364 | DEA-CANON-0365 | DEA-CANON-0366 | DEA-CANON-0367 | DEA-CANON-0369 | DEA-CANON-0370 | DEA-CANON-0374 | DEA-CANON-0375 | DEA-CANON-0376 | DEA-CANON-0377 | DEA-CANON-0379 | DEA-CANON-0407 | DEA-CANON-0540,Two closed feature plans and the closed array/unsafe initiative establish the function-level gate and pointer-indexing policy.
l1/docs/decisions/0011-fixed-size-array-policy.md,Fixed-Size Array Policy,Accepted,4,l1/work/plans/features/closed/2026-05-10-fixed-size-array-primitive-noref.md | l1/work/plans/features/closed/2026-05-11-ordered-type-suffix-constructors-noref.md | l1/work/plans/features/closed/2026-05-19-stage1-slices-len-slice-intrinsics-noref.md | l1/work/plans/features/closed/2026-06-17-stage1-const-value-grammar-contexts-noref.md,,l1/work/plans/features/closed/2026-05-10-fixed-size-array-primitive-noref.md | l1/work/plans/features/closed/2026-06-17-stage1-const-value-grammar-contexts-noref.md,l1/work/initiatives/closed/0004-array-primitives-and-unsafe-marker.md,DEA-CANON-0383 | DEA-CANON-0384 | DEA-CANON-0385 | DEA-CANON-0386 | DEA-CANON-0387 | DEA-CANON-0388 | DEA-CANON-0389 | DEA-CANON-0390 | DEA-CANON-0391 | DEA-CANON-0392 | DEA-CANON-0393 | DEA-CANON-0394 | DEA-CANON-0395 | DEA-CANON-0396 | DEA-CANON-0397 | DEA-CANON-0426 | DEA-CANON-0485,Two closed plans and the closed array/unsafe initiative establish fixed arrays and later constant-bound contexts.
l1/docs/decisions/0012-ordered-type-suffix-constructors.md,Ordered Type Suffix Constructors,Accepted,2,l1/work/plans/features/closed/2026-05-10-fixed-size-array-primitive-noref.md | l1/work/plans/features/closed/2026-05-11-ordered-type-suffix-constructors-noref.md,,l1/work/plans/features/closed/2026-05-11-ordered-type-suffix-constructors-noref.md,,DEA-CANON-0384 | DEA-CANON-0387 | DEA-CANON-0398 | DEA-CANON-0399 | DEA-CANON-0400 | DEA-CANON-0401 | DEA-CANON-0402,One closed L1 feature plan directly establishes source-significant left-to-right suffix composition.
l1/docs/decisions/0013-opaque-type-exports-and-layout-hiding-visibility.md,Opaque Type Exports and Layout-Hiding Visibility,Accepted,2,l1/work/plans/features/closed/2026-04-24-separate-compilation-driver-surface-noref.md | l1/work/plans/features/closed/2026-06-13-opaque-type-exports-and-layout-hiding-noref.md,,l1/work/plans/features/closed/2026-06-13-opaque-type-exports-and-layout-hiding-noref.md,,DEA-CANON-0469 | DEA-CANON-0471 | DEA-CANON-0473 | DEA-CANON-0474 | DEA-CANON-0475 | DEA-CANON-0476 | DEA-CANON-0477 | DEA-CANON-0478 | DEA-CANON-0479 | DEA-CANON-0480 | DEA-CANON-0481,One closed plan implements endpoints-only opacity; the open separate-compilation initiative is excluded.
l1/docs/decisions/0014-module-interface-artifact.md,Module Interface Artifact,Accepted,6,l1/work/plans/bug-fixes/closed/2026-07-20-stage1-module-interface-resolution-hardening-noref.md | l1/work/plans/features/closed/2026-04-24-module-interface-emission-noref.md | l1/work/plans/features/closed/2026-04-24-separate-compilation-driver-surface-noref.md | l1/work/plans/features/closed/2026-06-13-opaque-type-exports-and-layout-hiding-noref.md | l1/work/plans/features/closed/2026-06-18-stage1-const-scalar-casts-noref.md | l1/work/plans/features/closed/2026-06-24-stage1-scalar-const-expression-flow-noref.md,,l1/work/plans/features/closed/2026-04-24-module-interface-emission-noref.md | l1/work/plans/features/closed/2026-04-24-separate-compilation-driver-surface-noref.md | l1/work/plans/features/closed/2026-07-17-separate-compilation-artifact-layout-and-module-graph-noref.md | l1/work/plans/features/closed/2026-07-17-interface-fingerprint-canonicalization-and-verification-noref.md | l1/work/plans/features/closed/2026-07-17-object-metadata-emission-and-readers-noref.md,,DEA-CANON-0453 | DEA-CANON-0454 | DEA-CANON-0455 | DEA-CANON-0456 | DEA-CANON-0457 | DEA-CANON-0458 | DEA-CANON-0459 | DEA-CANON-0460 | DEA-CANON-0461 | DEA-CANON-0462 | DEA-CANON-0468 | DEA-CANON-0477 | DEA-CANON-0491 | DEA-CANON-0506 | DEA-CANON-0603,"Five closed plans evolve the textual interface, graph replay, fingerprints, and metadata; the open initiative is excluded."
l1/docs/decisions/0015-slice-types-and-intrinsics.md,Slice Types and `len`/`slice` Intrinsics,Accepted,1,l1/work/plans/features/closed/2026-05-19-stage1-slices-len-slice-intrinsics-noref.md,,l1/work/plans/features/closed/2026-05-19-stage1-slices-len-slice-intrinsics-noref.md | l1/work/plans/features/closed/2026-05-10-fixed-size-array-primitive-noref.md,,DEA-CANON-0412 | DEA-CANON-0413 | DEA-CANON-0414 | DEA-CANON-0415 | DEA-CANON-0416 | DEA-CANON-0417 | DEA-CANON-0418 | DEA-CANON-0419 | DEA-CANON-0420 | DEA-CANON-0421 | DEA-CANON-0422 | DEA-CANON-0423 | DEA-CANON-0424 | DEA-CANON-0425 | DEA-CANON-0426,Two closed array/slice plans establish non-owning escape-restricted slices and compiler-owned intrinsics.
l1/docs/decisions/0016-compile-time-constant-value-contexts.md,Compile-Time Constant Value Contexts,Accepted,4,l1/work/plans/features/closed/2026-05-10-fixed-size-array-primitive-noref.md | l1/work/plans/features/closed/2026-06-17-stage1-const-value-grammar-contexts-noref.md | l1/work/plans/features/closed/2026-06-18-stage1-const-scalar-casts-noref.md | l1/work/plans/features/closed/2026-06-24-stage1-scalar-const-expression-flow-noref.md,,l1/work/plans/features/closed/2026-06-17-stage1-const-value-grammar-contexts-noref.md | l1/work/plans/features/closed/2026-06-18-stage1-const-scalar-casts-noref.md | l1/work/plans/features/closed/2026-06-24-stage1-scalar-const-expression-flow-noref.md,,DEA-CANON-0385 | DEA-CANON-0386 | DEA-CANON-0482 | DEA-CANON-0483 | DEA-CANON-0484 | DEA-CANON-0485 | DEA-CANON-0486 | DEA-CANON-0487 | DEA-CANON-0488 | DEA-CANON-0489 | DEA-CANON-0490 | DEA-CANON-0491 | DEA-CANON-0492 | DEA-CANON-0501 | DEA-CANON-0502 | DEA-CANON-0503 | DEA-CANON-0504 | DEA-CANON-0505 | DEA-CANON-0506 | DEA-CANON-0507 | DEA-CANON-0508 | DEA-CANON-0509,"Three closed plans establish named constant contexts, scalar casts, and recursive constant evaluation."
l1/docs/decisions/0017-l1-variadic-functions.md,L1 Variadic Functions,Accepted,1,l1/work/plans/features/closed/2026-04-22-variadic-functions-noref.md,,l1/work/plans/features/closed/2026-04-22-variadic-functions-noref.md | l1/work/plans/features/closed/2026-05-19-stage1-slices-len-slice-intrinsics-noref.md,,DEA-CANON-0311 | DEA-CANON-0312 | DEA-CANON-0313 | DEA-CANON-0314 | DEA-CANON-0315 | DEA-CANON-0316 | DEA-CANON-0317 | DEA-CANON-0318 | DEA-CANON-0319,Two closed plans connect the earlier variadic design to the later slice-based ABI.
l1/docs/decisions/0018-canonical-artifact-association-and-module-graph.md,Canonical Artifact Association and Module Graph,Accepted,3,l1/work/plans/bug-fixes/closed/2026-07-20-stage1-module-interface-resolution-hardening-noref.md | l1/work/plans/features/closed/2026-04-24-separate-compilation-driver-surface-noref.md | l1/work/plans/features/closed/2026-07-17-separate-compilation-artifact-layout-and-module-graph-noref.md,,l1/work/plans/features/closed/2026-07-17-separate-compilation-artifact-layout-and-module-graph-noref.md | l1/work/plans/features/closed/2026-07-17-interface-fingerprint-canonicalization-and-verification-noref.md | l1/work/plans/features/closed/2026-07-17-object-metadata-emission-and-readers-noref.md,,DEA-CANON-0463 | DEA-CANON-0464 | DEA-CANON-0467 | DEA-CANON-0468 | DEA-CANON-0470 | DEA-CANON-0472 | DEA-CANON-0588 | DEA-CANON-0589 | DEA-CANON-0590 | DEA-CANON-0591 | DEA-CANON-0592 | DEA-CANON-0593 | DEA-CANON-0594 | DEA-CANON-0595 | DEA-CANON-0596 | DEA-CANON-0597 | DEA-CANON-0598 | DEA-CANON-0599 | DEA-CANON-0600 | DEA-CANON-0601 | DEA-CANON-0602 | DEA-CANON-0604,"Three closed July plans establish identity, discovery, and graph rules; active compile-only and build/run plans are excluded."
l1/docs/decisions/0019-whole-module-interface-fingerprints.md,Whole-Module Interface Fingerprints,Accepted,3,l1/work/plans/features/closed/2026-04-24-module-interface-emission-noref.md | l1/work/plans/features/closed/2026-07-17-interface-fingerprint-canonicalization-and-verification-noref.md | l1/work/plans/features/closed/2026-07-17-separate-compilation-artifact-layout-and-module-graph-noref.md,,l1/work/plans/features/closed/2026-07-17-interface-fingerprint-canonicalization-and-verification-noref.md | l1/work/plans/features/closed/2026-07-17-separate-compilation-artifact-layout-and-module-graph-noref.md | l1/work/plans/features/closed/2026-07-17-object-metadata-emission-and-readers-noref.md,,DEA-CANON-0455 | DEA-CANON-0568 | DEA-CANON-0569 | DEA-CANON-0570 | DEA-CANON-0571 | DEA-CANON-0572 | DEA-CANON-0573 | DEA-CANON-0574 | DEA-CANON-0575 | DEA-CANON-0576 | DEA-CANON-0577 | DEA-CANON-0578 | DEA-CANON-0579 | DEA-CANON-0601,Three closed July plans establish and consume the canonical whole-module fingerprint contract.
l1/docs/decisions/0020-per-module-backend-and-lifecycle-abi.md,Per-Module Backend and Lifecycle ABI,Accepted,4,l1/work/plans/features/closed/2026-04-17-l1-let-non-constant-initializers-noref.md | l1/work/plans/features/closed/2026-04-24-lbi-symbol-mangling-and-linkage-noref.md | l1/work/plans/features/closed/2026-07-17-per-module-backend-and-lifecycle-entrypoints-noref.md | l1/work/plans/refactors/closed/2026-05-11-unified-lbi-mangling-noref.md,,l1/work/plans/features/closed/2026-07-17-per-module-backend-and-lifecycle-entrypoints-noref.md | l1/work/plans/features/closed/2026-07-17-separate-compilation-artifact-layout-and-module-graph-noref.md | l1/work/plans/features/closed/2026-04-24-multi-cu-initialization-and-link-order-noref.md | l1/work/plans/features/closed/2026-07-17-object-metadata-emission-and-readers-noref.md,,DEA-CANON-0261 | DEA-CANON-0262 | DEA-CANON-0337 | DEA-CANON-0409 | DEA-CANON-0580 | DEA-CANON-0581 | DEA-CANON-0582 | DEA-CANON-0583 | DEA-CANON-0584 | DEA-CANON-0585 | DEA-CANON-0586 | DEA-CANON-0587,Four closed plans establish per-module emission and lifecycle ABI; the active link-set plan is excluded.
l1/docs/decisions/0021-portable-object-metadata-and-inspection.md,Portable Object Metadata and Inspection,Accepted,1,l1/work/plans/features/closed/2026-07-17-object-metadata-emission-and-readers-noref.md,,l1/work/plans/features/closed/2026-07-17-object-metadata-emission-and-readers-noref.md | l1/work/plans/features/closed/2026-07-17-interface-fingerprint-canonicalization-and-verification-noref.md | l1/work/plans/features/closed/2026-07-17-per-module-backend-and-lifecycle-entrypoints-noref.md,,DEA-CANON-0605 | DEA-CANON-0606 | DEA-CANON-0607 | DEA-CANON-0608 | DEA-CANON-0609 | DEA-CANON-0610 | DEA-CANON-0611 | DEA-CANON-0612 | DEA-CANON-0613 | DEA-CANON-0614 | DEA-CANON-0615 | DEA-CANON-0616 | DEA-CANON-0617 | DEA-CANON-0618,Three closed July plans establish portable embedded metadata and readers; the active link-set plan is excluded.
